{
  "total_organisms": 898,
  "zone_totals": {
    "Southern Island": 298,
    "Eastern Island": 169,
    "Northern Island": 385,
    "Central/Western": 31,
    "Void": 15
  },
  "zone_species_breakdown": {
    "Southern Island": {
      "loop": 236,
      "plate": 57,
      "bait": 5
    },
    "Eastern Island": {
      "plate": 73,
      "loop": 96
    },
    "Northern Island": {
      "loop": 292,
      "eng": 13,
      "creep": 75,
      "bait": 5
    },
    "Central/Western": {
      "loop": 31
    },
    "Void": {
      "loop": 11,
      "plate": 3,
      "creep": 1
    }
  },
  "species_zone_preferences": {
    "loop": {
      "Southern Island": 236,
      "Northern Island": 292,
      "Central/Western": 31,
      "Eastern Island": 96,
      "Void": 11
    },
    "plate": {
      "Southern Island": 57,
      "Eastern Island": 73,
      "Void": 3
    },
    "eng": {
      "Northern Island": 13
    },
    "creep": {
      "Northern Island": 75,
      "Void": 1
    },
    "bait": {
      "Southern Island": 5,
      "Northern Island": 5
    }
  },
  "coordinate_ranges_by_zone": {
    "Southern Island": {
      "x_range": [
        -12897.5508,
        12927.334
      ],
      "y_range": [
        -13930.6641,
        -5100.72559
      ],
      "center": [
        -4449.2366961,
        -10544.966224060403
      ],
      "organism_count": 298
    },
    "Eastern Island": {
      "x_range": [
        7880.21875,
        13871.6025
      ],
      "y_range": [
        -4965.37256,
        4895.92041
      ],
      "center": [
        11253.713274615384,
        -336.000202956213
      ],
      "organism_count": 169
    },
    "Northern Island": {
      "x_range": [
        -11631.6143,
        12401.8525
      ],
      "y_range": [
        5012.999,
        13811.8447
      ],
      "center": [
        -2807.2648962675325,
        10044.729777506494
      ],
      "organism_count": 385
    },
    "Central/Western": {
      "x_range": [
        -13820.0459,
        -6827.464
      ],
      "y_range": [
        -4860.144,
        4982.22949
      ],
      "center": [
        -12688.325,
        -715.0072693225807
      ],
      "organism_count": 31
    },
    "Void": {
      "x_range": [
        -9154.024,
        15886.208
      ],
      "y_range": [
        -15227.1338,
        14895.1162
      ],
      "center": [
        3293.5664073333332,
        -1918.3850610666668
      ],
      "organism_count": 15
    }
  },
  "errors": 0
}