{
  "total_organisms": 403,
  "zone_totals": {
    "Eastern Island": 113,
    "Southern Island": 46,
    "Northern Island": 225,
    "Central/Western": 13,
    "Void": 6
  },
  "zone_species_breakdown": {
    "Eastern Island": {
      "loop": 36,
      "plate": 77
    },
    "Southern Island": {
      "loop": 26,
      "plate": 20
    },
    "Northern Island": {
      "loop": 135,
      "creep": 90
    },
    "Central/Western": {
      "loop": 12,
      "plate": 1
    },
    "Void": {
      "loop": 6
    }
  },
  "species_zone_preferences": {
    "loop": {
      "Eastern Island": 36,
      "Southern Island": 26,
      "Northern Island": 135,
      "Central/Western": 12,
      "Void": 6
    },
    "plate": {
      "Eastern Island": 77,
      "Southern Island": 20,
      "Central/Western": 1
    },
    "creep": {
      "Northern Island": 90
    }
  },
  "coordinate_ranges_by_zone": {
    "Eastern Island": {
      "x_range": [
        7080.88135,
        13757.127
      ],
      "y_range": [
        -4866.698,
        4278.546
      ],
      "center": [
        10730.334713274337,
        80.26583218761061
      ],
      "organism_count": 113
    },
    "Southern Island": {
      "x_range": [
        -12094.4268,
        9643.673
      ],
      "y_range": [
        -13758.8594,
        -5292.05469
      ],
      "center": [
        -1065.3156717391305,
        -8957.25414326087
      ],
      "organism_count": 46
    },
    "Northern Island": {
      "x_range": [
        -11215.4365,
        13123.0967
      ],
      "y_range": [
        5168.949,
        13698.4629
      ],
      "center": [
        -5446.406318666666,
        9648.154467333334
      ],
      "organism_count": 225
    },
    "Central/Western": {
      "x_range": [
        -8037.55273,
        6955.074
      ],
      "y_range": [
        -4673.074,
        4173.80127
      ],
      "center": [
        4258.456557692308,
        455.3610787692308
      ],
      "organism_count": 13
    },
    "Void": {
      "x_range": [
        -8327.805,
        15966.1016
      ],
      "y_range": [
        -14319.2451,
        3423.27246
      ],
      "center": [
        7773.171649999999,
        -5506.169178333334
      ],
      "organism_count": 6
    }
  },
  "errors": 0
}